insert into users values (101, 'Tronix', 'klishin.d.a@gmail.com', '9031055324');
insert into users values (1, 'Tester', 'test@gmail.com', '911');

insert into parts_of_speech values (101, 'Существительное');
insert into parts_of_speech values (102, 'Прилагательное');
insert into parts_of_speech values (103, 'Глагол');
insert into parts_of_speech values (104, 'Наречие');
insert into parts_of_speech values (105, 'Предлог');
insert into parts_of_speech values (106, 'Выражение');

insert into words values (10001, 101, 'БЕЛЫЙ', 'RUSSIAN', null, 102);
insert into words values (10002, 101, 'СИНИЙ', 'RUSSIAN', null, 102);
insert into words values (10003, 101, 'ДЕЛАТЬ', 'RUSSIAN', 'создавать', 103);
insert into words values (10004, 101, 'СТРЕЛЬБА', 'RUSSIAN', null, 101);
insert into words values (10005, 101, 'КИНО', 'RUSSIAN', null, 101);
insert into words values (10006, 101, 'СОГЛАСИЕ', 'RUSSIAN', null, 101);
insert into words values (10007, 101, 'СООТВЕТСТВИЕ', 'RUSSIAN', null, 101);
insert into words values (10008, 101, 'СОГЛАСНО', 'RUSSIAN', null, 104);
insert into words values (10009, 101, 'СРЕДИ', 'RUSSIAN', null, 105);
insert into words values (10010, 101, 'КРОМЕ ТОГО', 'RUSSIAN', null, null);
insert into words values (10011, 101, 'ДОМАШНИЙ', 'RUSSIAN', null, null);
insert into words values (10012, 101, 'НАБЛЮДАТЬ', 'RUSSIAN', null, null);
insert into words values (10013, 101, 'ЛУК', 'RUSSIAN', 'оружие', 102);
insert into words values (10014, 101, 'ЛУК', 'RUSSIAN', 'растение', 102);
insert into words values (10015, 1, 'МЕЧТАТЬ', 'RUSSIAN', null, 103);
insert into words values (10016, 1, 'СНИТЬСЯ', 'RUSSIAN', null, 103);
insert into words values (10017, 1, 'ИНАЧЕ', 'RUSSIAN', null, null);
insert into words values (10018, 101, 'УТРО ВЕЧЕРА МУДРЕНЕЕ', 'RUSSIAN', null, 106);

insert into words values (20001, 101, 'WHITE', 'ENGLISH', null, null);
insert into words values (20002, 101, 'DO', 'ENGLISH', null, null);
insert into words values (20003, 101, 'MAKE', 'ENGLISH', null, null);
insert into words values (20004, 101, 'SHOOTING', 'ENGLISH', null, null);
insert into words values (20005, 101, 'CINEMA', 'ENGLISH', null, null);
insert into words values (20006, 101, 'ACCORD', 'ENGLISH', null, null);
insert into words values (20007, 101, 'ACCORDING TO', 'ENGLISH', null, null);
insert into words values (20008, 101, 'AMONG', 'ENGLISH', null, null);
insert into words values (20009, 101, 'ON TOP OF THAT', 'ENGLISH', null, null);
insert into words values (20010, 101, 'DOMESTIC', 'ENGLISH', null, null);
insert into words values (20011, 101, 'OBSERVE', 'ENGLISH', null, null);
insert into words values (20012, 101, 'BOW', 'ENGLISH', null, null);
insert into words values (20013, 101, 'ONION', 'ENGLISH', null, null);
insert into words values (20014, 1, 'DREAM', 'ENGLISH', null, null);
insert into words values (20015, 1, 'SWEAR', 'ENGLISH', null, null);
insert into words values (20016, 1, 'OTHERWISE', 'ENGLISH', null, 103);
insert into words values (20017, 101, 'SLEEP ON IT', 'ENGLISH', null, 106);

insert into vocabulary values (30001, 101, 10001, 20001, current_date, null);
insert into vocabulary values (30002, 101, 10003, 20002, current_date, null);
insert into vocabulary values (30003, 101, 10003, 20003, current_date, 'руками ');
insert into vocabulary values (30004, 101, 10004, 20004, current_date, null);
insert into vocabulary values (30005, 101, 10005, 20005, current_date, null);
insert into vocabulary values (30006, 101, 10006, 20006, current_date, null);
insert into vocabulary values (30007, 101, 10007, 20006, current_date, null);
insert into vocabulary values (30008, 101, 10008, 20007, current_date, null);
insert into vocabulary values (30009, 101, 10009, 20008, current_date, null);
insert into vocabulary values (30010, 101, 10010, 20009, current_date, null);
insert into vocabulary values (30011, 101, 10011, 20010, current_date, null);
insert into vocabulary values (30012, 101, 10012, 20011, current_date, null);
insert into vocabulary values (30013, 101, 10013, 20012, current_date, null);
insert into vocabulary values (30014, 101, 10014, 20013, current_date, null);
insert into vocabulary values (30015,   1, 10015, 20014, current_date, null);
insert into vocabulary values (30016,   1, 10016, 20014, current_date, null);
insert into vocabulary values (30017,   1, 10017, 20016, current_date, null);
insert into vocabulary values (30018, 101, 10018, 20017, current_date, null);
